"Council","Wellbeing support","Care and support","Setting","Staffing","Leadership"
"Angus",3.84615384615385,4.23076923076923,4,4.07692307692308,4.15384615384615
"Dundee City",4.14814814814815,4.23076923076923,4.30769230769231,4.30769230769231,4.11111111111111
"Fife",3.89189189189189,3.84931506849315,4.05479452054795,3.95890410958904,4.05405405405405
"Perth & Kinross",3.8780487804878,3.90243902439024,3.95121951219512,4,3.73170731707317
"Stirling",4.66666666666667,4.19047619047619,4.42857142857143,4.47619047619048,4.52380952380952
