"Council","Setting","Staffing","Leadership","Play and learning"
"Angus",4.64375,4.60583941605839,4.4375,4.61875
"Dundee City",4.51048951048951,4.48760330578512,4.34722222222222,4.54545454545455
"Fife",4.54195011337869,4.53448275862069,4.36961451247166,4.57142857142857
"Perth & Kinross",4.53125,4.59712230215827,4.34895833333333,4.53125
"Stirling",4.65765765765766,4.65060240963855,4.46846846846847,4.7027027027027
