"Council","Setting","Staffing","Leadership","Play and learning"
"Aberdeen City",4.41150442477876,4.38787878787879,4.32599118942731,4.39380530973451
"Aberdeenshire",4.46938775510204,4.47115384615385,4.22448979591837,4.43622448979592
"Highland",4.38728323699422,4.37407407407407,4.29190751445087,4.46531791907514
"Moray",4.47826086956522,4.32258064516129,4.17391304347826,4.45652173913043
"Na h-Eileanan Siar",4.58620689655172,4.60869565217391,4.51724137931035,4.58620689655172
"Orkney Islands",4.55263157894737,4.59259259259259,4.38461538461539,4.60526315789474
"Shetland Islands",4.51515151515152,4.55172413793103,4.33333333333333,4.63636363636364
